{"U.S. NEWS": 0.00652602983934294, "COMEDY": 0.03213671767227658, "PARENTING": 0.07398820008913602, "WORLD NEWS": 0.08984167745495447, "CULTURE & ARTS": 0.09495638702009805, "TECH": 0.10508499755937095, "SPORTS": 0.12920477938835714, "ENTERTAINMENT": 0.21199516118763131, "POLITICS": 0.3817196884483966, "WEIRD NEWS": 0.3949256138712621, "ENVIRONMENT": 0.40176468091428086, "EDUCATION": 0.40653982469916594, "CRIME": 0.42357117086525603, "WELLNESS": 0.5090037988921666, "SCIENCE": 0.5195462552261296, "BUSINESS": 0.5483138436724039, "STYLE & BEAUTY": 0.5951951442093423, "FOOD & DRINK": 0.6254164986523483, "QUEER VOICES": 0.655733355971052, "HOME & LIVING": 0.6762558628154248, "WOMEN": 0.6934039347184787, "MEDIA": 0.7074057174388251, "BLACK VOICES": 0.7293607674186634, "TRAVEL": 0.776608162312443, "MONEY": 0.7849699696513084, "RELIGION": 0.7972686177550458, "LATINO VOICES": 0.8027228931004478, "IMPACT": 0.8193244763258982, "WEDDINGS": 0.8368863940236423, "COLLEGE": 0.8424255608141089, "PARENTS": 0.8613086016256711, "ARTS & CULTURE": 0.867675460005518, "STYLE": 0.8783187249304951, "GREEN": 0.8910418302595556, "TASTE": 0.901175746514145, "HEALTHY LIVING": 0.9330684012818609, "THE WORLDPOST": 0.9503438103525117, "GOOD NEWS": 0.9569600373522358, "WORLDPOST": 0.9695080540758505, "FIFTY": 0.9762197839512723, "ARTS": 0.9834461682123984, "DIVORCE": 1.0}