{"U.S. NEWS": 0.006429274990299376, "COMEDY": 0.03194937766767155, "PARENTING": 0.07393964719577352, "WORLD NEWS": 0.0898188221950273, "CULTURE & ARTS": 0.09495269080380861, "TECH": 0.105136853416112, "SPORTS": 0.12921230934543176, "POLITICS": 0.2991373906814315, "WEIRD NEWS": 0.31227054293645345, "ENVIRONMENT": 0.31914753902635584, "ENTERTAINMENT": 0.40204757782885114, "EDUCATION": 0.4068352087872728, "CRIME": 0.4238724890308331, "WELLNESS": 0.5091723129272006, "SCIENCE": 0.5197743485658001, "BUSINESS": 0.5487031012148166, "FOOD & DRINK": 0.5788974121720443, "QUEER VOICES": 0.609043966211981, "HOME & LIVING": 0.6296689848670268, "STYLE & BEAUTY": 0.6763812195922754, "BLACK VOICES": 0.6985643076739396, "WOMEN": 0.7156791929080978, "MEDIA": 0.7294690027758708, "TRAVEL": 0.7768677431871772, "MONEY": 0.78509387219055, "RELIGION": 0.7973196430170433, "LATINO VOICES": 0.8027937796615229, "IMPACT": 0.8195087007133689, "COLLEGE": 0.8250305942751396, "PARENTS": 0.8439005462197415, "ARTS & CULTURE": 0.8502940035220726, "STYLE": 0.860878130316688, "GREEN": 0.873563561472107, "TASTE": 0.8837536936990718, "HEALTHY LIVING": 0.915506074082918, "THE WORLDPOST": 0.9328478046742082, "GOOD NEWS": 0.9395039250216398, "WORLDPOST": 0.9522371130943498, "FIFTY": 0.9588693549831359, "ARTS": 0.9661045279527206, "DIVORCE": 0.9824732113542071, "WEDDINGS": 1.0}